textbox6,textbox14,textbox26,textbox27,textbox5,textbox15,textbox20,textbox16,textbox19,textbox17
Account No,0206-01-012986-30-3 ,Account Name,INDOMARCO PRISMATAMA,Account Status,Active,Today Hold Balance,0.00,Period,11/08/2026 - 11/08/2026

textbox45,textbox29,textbox46,textbox37,textbox30,textbox28,TRDAT6,TIMENT,TRREMK,DBAMT,CRAMT,LGRBAL,textbox31
DATE,TIME,REMARK,DEBET,CREDIT,TELLER ID,11/08/26,19:03:32,CMSPOOL020601012986303TO135901000001305 T:0374052:CMS,"11,748,000.00",0.00,0.00,0374891   
DATE,TIME,REMARK,DEBET,CREDIT,TELLER ID,11/08/26,19:03:32,Fee Pooling CMS 2733 T:0374052:CMS,"5,000.00",0.00,"11,748,000.00",0415891   
DATE,TIME,REMARK,DEBET,CREDIT,TELLER ID,11/08/26,14:05:16, 0 ; ESB:INDS:0002800D:3cf126dc7fc3,0.00,"11,753,000.00","11,753,000.00",1365451   

textbox55,textbox56,textbox57,textbox58,textbox35,textbox7,textbox38,textbox39
OPENING BALANCE,TOTAL DEBET,TOTAL CREDIT,CLOSING BALANCE,0.00,"11,753,000.00","11,753,000.00",0.00

